id,text
1,mixed case text lowercase
2,newline tab handle properly
3,html tag everywhere bold italic
4,love nlp it amazing click
5,number present text
6,check link httpsgithubcomuserrepo
7,remove punctuation lowercase stopwords sentence
8,love machinelearne datascience
9,stem lemmatization key text normalization
10,python awesome check wwwpythonorg code
11,emoji test
12,mixed case text lowercase
13,mention include tweet
14,stem lemmatization key text normalization
15,number present text
16,datum science ai ml let clean preprocess text datum
17,python java c programming language
18,python awesome check wwwpythonorg code
19,email testexamplecom visit httpmywebsitecom
20,stem lemmatization key text normalization
21,number present text
22,remove punctuation lowercase stopwords sentence
23,datum science ai ml let clean preprocess text datum
24,love machinelearne datascience
25,mixed case text lowercase
26,html tag everywhere bold italic
27,stem lemmatization key text normalization
28,mention include tweet
29,html tag everywhere bold italic
30,mixed case text lowercase
31,love nlp it amazing click
32,mixed case text lowercase
33,repeat letter cooool loooove tweeeeet
34,python awesome check wwwpythonorg code
35,html tag everywhere bold italic
36,special character remove
37,python awesome check wwwpythonorg code
38,stem lemmatization key text normalization
39,newline tab handle properly
40,hello visit httpsexamplecom
41,check link httpsgithubcomuserrepo
42,mixed case text lowercase
43,special character remove
44,remove punctuation lowercase stopwords sentence
45,datum science ai ml let clean preprocess text datum
46,hello visit httpsexamplecom
47,misspell recieve definately seperate fix
48,repeat letter cooool loooove tweeeeet
49,hello visit httpsexamplecom
50,emoji test
51,remove punctuation lowercase stopwords sentence
52,datum science ai ml let clean preprocess text datum
53,love nlp it amazing click
54,email testexamplecom visit httpmywebsitecom
55,love nlp it amazing click
56,email testexamplecom visit httpmywebsitecom
57,email testexamplecom visit httpmywebsitecom
58,misspell recieve definately seperate fix
59,emoji test
60,emoji test
61,clean text fun be not
62,python java c programming language
63,clean text fun be not
64,email testexamplecom visit httpmywebsitecom
65,emoji test
66,clean text fun be not
67,remove punctuation lowercase stopwords sentence
68,love nlp it amazing click
69,newline tab handle properly
70,repeat letter cooool loooove tweeeeet
71,check link httpsgithubcomuserrepo
72,stem lemmatization key text normalization
73,html tag everywhere bold italic
74,love machinelearne datascience
75,clean text fun be not
76,clean text fun be not
77,clean text fun be not
78,email testexamplecom visit httpmywebsitecom
79,mention include tweet
80,newline tab handle properly
81,love nlp it amazing click
82,misspell recieve definately seperate fix
83,love machinelearne datascience
84,html tag everywhere bold italic
85,python awesome check wwwpythonorg code
86,misspell recieve definately seperate fix
87,html tag everywhere bold italic
88,html tag everywhere bold italic
89,newline tab handle properly
90,love nlp it amazing click
91,repeat letter cooool loooove tweeeeet
92,hello visit httpsexamplecom
93,misspell recieve definately seperate fix
94,html tag everywhere bold italic
95,love nlp it amazing click
96,newline tab handle properly
97,repeat letter cooool loooove tweeeeet
98,emoji test
99,email testexamplecom visit httpmywebsitecom
100,check link httpsgithubcomuserrepo
101,love machinelearne datascience
102,html tag everywhere bold italic
103,emoji test
104,love machinelearne datascience
105,remove punctuation lowercase stopwords sentence
106,mention include tweet
107,html tag everywhere bold italic
108,hello visit httpsexamplecom
109,repeat letter cooool loooove tweeeeet
110,email testexamplecom visit httpmywebsitecom
111,python awesome check wwwpythonorg code
112,love nlp it amazing click
113,love machinelearne datascience
114,mixed case text lowercase
115,special character remove
116,special character remove
117,love nlp it amazing click
118,email testexamplecom visit httpmywebsitecom
119,html tag everywhere bold italic
120,email testexamplecom visit httpmywebsitecom
121,email testexamplecom visit httpmywebsitecom
122,number present text
123,emoji test
124,clean text fun be not
125,hello visit httpsexamplecom
126,remove punctuation lowercase stopwords sentence
127,remove punctuation lowercase stopwords sentence
128,love machinelearne datascience
129,stem lemmatization key text normalization
130,emoji test
131,email testexamplecom visit httpmywebsitecom
132,python awesome check wwwpythonorg code
133,repeat letter cooool loooove tweeeeet
134,repeat letter cooool loooove tweeeeet
135,repeat letter cooool loooove tweeeeet
136,python awesome check wwwpythonorg code
137,hello visit httpsexamplecom
138,hello visit httpsexamplecom
139,repeat letter cooool loooove tweeeeet
140,number present text
141,html tag everywhere bold italic
142,love nlp it amazing click
143,check link httpsgithubcomuserrepo
144,newline tab handle properly
145,repeat letter cooool loooove tweeeeet
146,python awesome check wwwpythonorg code
147,love machinelearne datascience
148,mixed case text lowercase
149,python java c programming language
150,hello visit httpsexamplecom
151,remove punctuation lowercase stopwords sentence
152,hello visit httpsexamplecom
153,mixed case text lowercase
154,stem lemmatization key text normalization
155,python awesome check wwwpythonorg code
156,email testexamplecom visit httpmywebsitecom
157,python awesome check wwwpythonorg code
158,mixed case text lowercase
159,stem lemmatization key text normalization
160,mention include tweet
161,special character remove
162,python awesome check wwwpythonorg code
163,emoji test
164,misspell recieve definately seperate fix
165,misspell recieve definately seperate fix
166,hello visit httpsexamplecom
167,check link httpsgithubcomuserrepo
168,love machinelearne datascience
169,number present text
170,clean text fun be not
171,stem lemmatization key text normalization
172,hello visit httpsexamplecom
173,check link httpsgithubcomuserrepo
174,html tag everywhere bold italic
175,hello visit httpsexamplecom
176,stem lemmatization key text normalization
177,clean text fun be not
178,misspell recieve definately seperate fix
179,clean text fun be not
180,love nlp it amazing click
181,datum science ai ml let clean preprocess text datum
182,newline tab handle properly
183,love machinelearne datascience
184,special character remove
185,email testexamplecom visit httpmywebsitecom
186,python awesome check wwwpythonorg code
187,love machinelearne datascience
188,html tag everywhere bold italic
189,repeat letter cooool loooove tweeeeet
190,mention include tweet
191,number present text
192,misspell recieve definately seperate fix
193,email testexamplecom visit httpmywebsitecom
194,love machinelearne datascience
195,mention include tweet
196,email testexamplecom visit httpmywebsitecom
197,emoji test
198,repeat letter cooool loooove tweeeeet
199,datum science ai ml let clean preprocess text datum
200,mention include tweet
201,python java c programming language
202,number present text
203,love machinelearne datascience
204,remove punctuation lowercase stopwords sentence
205,number present text
206,clean text fun be not
207,clean text fun be not
208,clean text fun be not
209,python awesome check wwwpythonorg code
210,stem lemmatization key text normalization
211,repeat letter cooool loooove tweeeeet
212,hello visit httpsexamplecom
213,remove punctuation lowercase stopwords sentence
214,check link httpsgithubcomuserrepo
215,mention include tweet
216,remove punctuation lowercase stopwords sentence
217,python java c programming language
218,email testexamplecom visit httpmywebsitecom
219,clean text fun be not
220,misspell recieve definately seperate fix
221,datum science ai ml let clean preprocess text datum
222,love machinelearne datascience
223,remove punctuation lowercase stopwords sentence
224,email testexamplecom visit httpmywebsitecom
225,stem lemmatization key text normalization
226,mixed case text lowercase
227,love nlp it amazing click
228,misspell recieve definately seperate fix
229,html tag everywhere bold italic
230,check link httpsgithubcomuserrepo
231,newline tab handle properly
232,misspell recieve definately seperate fix
233,number present text
234,mention include tweet
235,mixed case text lowercase
236,repeat letter cooool loooove tweeeeet
237,love machinelearne datascience
238,emoji test
239,stem lemmatization key text normalization
240,check link httpsgithubcomuserrepo
241,check link httpsgithubcomuserrepo
242,repeat letter cooool loooove tweeeeet
243,python awesome check wwwpythonorg code
244,number present text
245,stem lemmatization key text normalization
246,special character remove
247,stem lemmatization key text normalization
248,number present text
249,number present text
250,mixed case text lowercase
251,datum science ai ml let clean preprocess text datum
252,email testexamplecom visit httpmywebsitecom
253,clean text fun be not
254,remove punctuation lowercase stopwords sentence
255,clean text fun be not
256,hello visit httpsexamplecom
257,python java c programming language
258,newline tab handle properly
259,misspell recieve definately seperate fix
260,love machinelearne datascience
261,html tag everywhere bold italic
262,misspell recieve definately seperate fix
263,emoji test
264,clean text fun be not
265,clean text fun be not
266,love nlp it amazing click
267,mention include tweet
268,misspell recieve definately seperate fix
269,check link httpsgithubcomuserrepo
270,clean text fun be not
271,mention include tweet
272,newline tab handle properly
273,remove punctuation lowercase stopwords sentence
274,number present text
275,mention include tweet
276,mixed case text lowercase
277,special character remove
278,remove punctuation lowercase stopwords sentence
279,mixed case text lowercase
280,check link httpsgithubcomuserrepo
281,datum science ai ml let clean preprocess text datum
282,emoji test
283,remove punctuation lowercase stopwords sentence
284,datum science ai ml let clean preprocess text datum
285,hello visit httpsexamplecom
286,stem lemmatization key text normalization
287,mention include tweet
288,python awesome check wwwpythonorg code
289,datum science ai ml let clean preprocess text datum
290,number present text
291,python java c programming language
292,python awesome check wwwpythonorg code
293,misspell recieve definately seperate fix
294,email testexamplecom visit httpmywebsitecom
295,number present text
296,mention include tweet
297,hello visit httpsexamplecom
298,stem lemmatization key text normalization
299,misspell recieve definately seperate fix
300,mixed case text lowercase
301,special character remove
302,check link httpsgithubcomuserrepo
303,html tag everywhere bold italic
304,mention include tweet
305,python awesome check wwwpythonorg code
306,repeat letter cooool loooove tweeeeet
307,email testexamplecom visit httpmywebsitecom
308,hello visit httpsexamplecom
309,datum science ai ml let clean preprocess text datum
310,mention include tweet
311,number present text
312,clean text fun be not
313,emoji test
314,python java c programming language
315,love nlp it amazing click
316,clean text fun be not
317,number present text
318,misspell recieve definately seperate fix
319,special character remove
320,number present text
321,mention include tweet
322,email testexamplecom visit httpmywebsitecom
323,special character remove
324,check link httpsgithubcomuserrepo
325,email testexamplecom visit httpmywebsitecom
326,newline tab handle properly
327,special character remove
328,special character remove
329,check link httpsgithubcomuserrepo
330,mixed case text lowercase
331,love machinelearne datascience
332,python java c programming language
333,check link httpsgithubcomuserrepo
334,hello visit httpsexamplecom
335,email testexamplecom visit httpmywebsitecom
336,love machinelearne datascience
337,python java c programming language
338,love machinelearne datascience
339,misspell recieve definately seperate fix
340,remove punctuation lowercase stopwords sentence
341,emoji test
342,newline tab handle properly
343,newline tab handle properly
344,python java c programming language
345,remove punctuation lowercase stopwords sentence
346,html tag everywhere bold italic
347,repeat letter cooool loooove tweeeeet
348,special character remove
349,repeat letter cooool loooove tweeeeet
350,datum science ai ml let clean preprocess text datum
351,special character remove
352,repeat letter cooool loooove tweeeeet
353,python awesome check wwwpythonorg code
354,check link httpsgithubcomuserrepo
355,remove punctuation lowercase stopwords sentence
356,misspell recieve definately seperate fix
357,remove punctuation lowercase stopwords sentence
358,number present text
359,clean text fun be not
360,mention include tweet
361,repeat letter cooool loooove tweeeeet
362,misspell recieve definately seperate fix
363,number present text
364,special character remove
365,mention include tweet
366,newline tab handle properly
367,html tag everywhere bold italic
368,misspell recieve definately seperate fix
369,mixed case text lowercase
370,remove punctuation lowercase stopwords sentence
371,misspell recieve definately seperate fix
372,repeat letter cooool loooove tweeeeet
373,emoji test
374,python java c programming language
375,love machinelearne datascience
376,emoji test
377,hello visit httpsexamplecom
378,check link httpsgithubcomuserrepo
379,emoji test
380,misspell recieve definately seperate fix
381,repeat letter cooool loooove tweeeeet
382,love machinelearne datascience
383,love machinelearne datascience
384,html tag everywhere bold italic
385,check link httpsgithubcomuserrepo
386,python java c programming language
387,emoji test
388,clean text fun be not
389,email testexamplecom visit httpmywebsitecom
390,misspell recieve definately seperate fix
391,html tag everywhere bold italic
392,clean text fun be not
393,special character remove
394,clean text fun be not
395,hello visit httpsexamplecom
396,check link httpsgithubcomuserrepo
397,html tag everywhere bold italic
398,datum science ai ml let clean preprocess text datum
399,newline tab handle properly
400,mixed case text lowercase
401,number present text
402,remove punctuation lowercase stopwords sentence
403,clean text fun be not
404,stem lemmatization key text normalization
405,python awesome check wwwpythonorg code
406,love nlp it amazing click
407,mention include tweet
408,love machinelearne datascience
409,html tag everywhere bold italic
410,email testexamplecom visit httpmywebsitecom
411,python awesome check wwwpythonorg code
412,mixed case text lowercase
413,newline tab handle properly
414,mixed case text lowercase
415,python awesome check wwwpythonorg code
416,emoji test
417,love machinelearne datascience
418,stem lemmatization key text normalization
419,python java c programming language
420,datum science ai ml let clean preprocess text datum
421,newline tab handle properly
422,remove punctuation lowercase stopwords sentence
423,number present text
424,clean text fun be not
425,special character remove
426,remove punctuation lowercase stopwords sentence
427,remove punctuation lowercase stopwords sentence
428,love machinelearne datascience
429,emoji test
430,email testexamplecom visit httpmywebsitecom
431,number present text
432,python awesome check wwwpythonorg code
433,email testexamplecom visit httpmywebsitecom
434,python awesome check wwwpythonorg code
435,html tag everywhere bold italic
436,python java c programming language
437,datum science ai ml let clean preprocess text datum
438,remove punctuation lowercase stopwords sentence
439,number present text
440,newline tab handle properly
441,newline tab handle properly
442,remove punctuation lowercase stopwords sentence
443,newline tab handle properly
444,python awesome check wwwpythonorg code
445,python awesome check wwwpythonorg code
446,special character remove
447,datum science ai ml let clean preprocess text datum
448,hello visit httpsexamplecom
449,python awesome check wwwpythonorg code
450,python java c programming language
451,special character remove
452,remove punctuation lowercase stopwords sentence
453,misspell recieve definately seperate fix
454,python awesome check wwwpythonorg code
455,newline tab handle properly
456,emoji test
457,mention include tweet
458,email testexamplecom visit httpmywebsitecom
459,mention include tweet
460,python awesome check wwwpythonorg code
461,number present text
462,stem lemmatization key text normalization
463,misspell recieve definately seperate fix
464,mixed case text lowercase
465,newline tab handle properly
466,email testexamplecom visit httpmywebsitecom
467,python awesome check wwwpythonorg code
468,clean text fun be not
469,python awesome check wwwpythonorg code
470,mention include tweet
471,number present text
472,mixed case text lowercase
473,love machinelearne datascience
474,clean text fun be not
475,python awesome check wwwpythonorg code
476,special character remove
477,mixed case text lowercase
478,check link httpsgithubcomuserrepo
479,number present text
480,hello visit httpsexamplecom
481,love machinelearne datascience
482,number present text
483,repeat letter cooool loooove tweeeeet
484,datum science ai ml let clean preprocess text datum
485,special character remove
486,special character remove
487,love nlp it amazing click
488,special character remove
489,check link httpsgithubcomuserrepo
490,remove punctuation lowercase stopwords sentence
491,love nlp it amazing click
492,newline tab handle properly
493,mention include tweet
494,love nlp it amazing click
495,mention include tweet
496,remove punctuation lowercase stopwords sentence
497,mixed case text lowercase
498,hello visit httpsexamplecom
499,remove punctuation lowercase stopwords sentence
500,datum science ai ml let clean preprocess text datum
501,love machinelearne datascience
502,emoji test
503,misspell recieve definately seperate fix
504,emoji test
505,repeat letter cooool loooove tweeeeet
506,mixed case text lowercase
507,love machinelearne datascience
508,email testexamplecom visit httpmywebsitecom
509,newline tab handle properly
510,love nlp it amazing click
511,stem lemmatization key text normalization
512,number present text
513,emoji test
514,mixed case text lowercase
515,clean text fun be not
516,remove punctuation lowercase stopwords sentence
517,email testexamplecom visit httpmywebsitecom
518,html tag everywhere bold italic
519,datum science ai ml let clean preprocess text datum
520,newline tab handle properly
521,number present text
522,clean text fun be not
523,mixed case text lowercase
524,html tag everywhere bold italic
525,love nlp it amazing click
526,misspell recieve definately seperate fix
527,number present text
528,special character remove
529,hello visit httpsexamplecom
530,remove punctuation lowercase stopwords sentence
531,email testexamplecom visit httpmywebsitecom
532,repeat letter cooool loooove tweeeeet
533,remove punctuation lowercase stopwords sentence
534,remove punctuation lowercase stopwords sentence
535,python java c programming language
536,hello visit httpsexamplecom
537,datum science ai ml let clean preprocess text datum
538,html tag everywhere bold italic
539,datum science ai ml let clean preprocess text datum
540,special character remove
541,email testexamplecom visit httpmywebsitecom
542,datum science ai ml let clean preprocess text datum
543,repeat letter cooool loooove tweeeeet
544,python java c programming language
545,number present text
546,clean text fun be not
547,stem lemmatization key text normalization
548,check link httpsgithubcomuserrepo
549,emoji test
550,emoji test
551,repeat letter cooool loooove tweeeeet
552,love machinelearne datascience
553,mention include tweet
554,stem lemmatization key text normalization
555,repeat letter cooool loooove tweeeeet
556,datum science ai ml let clean preprocess text datum
557,emoji test
558,hello visit httpsexamplecom
559,mixed case text lowercase
560,mixed case text lowercase
561,clean text fun be not
562,html tag everywhere bold italic
563,number present text
564,number present text
565,remove punctuation lowercase stopwords sentence
566,remove punctuation lowercase stopwords sentence
567,check link httpsgithubcomuserrepo
568,python awesome check wwwpythonorg code
569,email testexamplecom visit httpmywebsitecom
570,python java c programming language
571,love machinelearne datascience
572,python java c programming language
573,special character remove
574,check link httpsgithubcomuserrepo
575,email testexamplecom visit httpmywebsitecom
576,python awesome check wwwpythonorg code
577,repeat letter cooool loooove tweeeeet
578,stem lemmatization key text normalization
579,remove punctuation lowercase stopwords sentence
580,love nlp it amazing click
581,stem lemmatization key text normalization
582,datum science ai ml let clean preprocess text datum
583,number present text
584,love machinelearne datascience
585,repeat letter cooool loooove tweeeeet
586,mixed case text lowercase
587,misspell recieve definately seperate fix
588,check link httpsgithubcomuserrepo
589,python awesome check wwwpythonorg code
590,hello visit httpsexamplecom
591,mention include tweet
592,misspell recieve definately seperate fix
593,repeat letter cooool loooove tweeeeet
594,python java c programming language
595,newline tab handle properly
596,datum science ai ml let clean preprocess text datum
597,misspell recieve definately seperate fix
598,check link httpsgithubcomuserrepo
599,stem lemmatization key text normalization
600,mention include tweet
601,python awesome check wwwpythonorg code
602,special character remove
603,stem lemmatization key text normalization
604,love nlp it amazing click
605,python java c programming language
606,repeat letter cooool loooove tweeeeet
607,repeat letter cooool loooove tweeeeet
608,python awesome check wwwpythonorg code
609,python awesome check wwwpythonorg code
610,remove punctuation lowercase stopwords sentence
611,mention include tweet
612,love nlp it amazing click
613,python awesome check wwwpythonorg code
614,datum science ai ml let clean preprocess text datum
615,mixed case text lowercase
616,mixed case text lowercase
617,love nlp it amazing click
618,python java c programming language
619,mixed case text lowercase
620,love nlp it amazing click
621,misspell recieve definately seperate fix
622,mixed case text lowercase
623,email testexamplecom visit httpmywebsitecom
624,datum science ai ml let clean preprocess text datum
625,special character remove
626,mixed case text lowercase
627,hello visit httpsexamplecom
628,love machinelearne datascience
629,stem lemmatization key text normalization
630,love nlp it amazing click
631,misspell recieve definately seperate fix
632,misspell recieve definately seperate fix
633,python java c programming language
634,mixed case text lowercase
635,hello visit httpsexamplecom
636,remove punctuation lowercase stopwords sentence
637,newline tab handle properly
638,love machinelearne datascience
639,html tag everywhere bold italic
640,hello visit httpsexamplecom
641,love nlp it amazing click
642,repeat letter cooool loooove tweeeeet
643,clean text fun be not
644,clean text fun be not
645,number present text
646,check link httpsgithubcomuserrepo
647,special character remove
648,love nlp it amazing click
649,email testexamplecom visit httpmywebsitecom
650,repeat letter cooool loooove tweeeeet
651,repeat letter cooool loooove tweeeeet
652,python java c programming language
653,clean text fun be not
654,email testexamplecom visit httpmywebsitecom
655,emoji test
656,love nlp it amazing click
657,clean text fun be not
658,love nlp it amazing click
659,mention include tweet
660,email testexamplecom visit httpmywebsitecom
661,clean text fun be not
662,python awesome check wwwpythonorg code
663,love machinelearne datascience
664,mixed case text lowercase
665,datum science ai ml let clean preprocess text datum
666,love nlp it amazing click
667,python awesome check wwwpythonorg code
668,check link httpsgithubcomuserrepo
669,check link httpsgithubcomuserrepo
670,repeat letter cooool loooove tweeeeet
671,misspell recieve definately seperate fix
672,mention include tweet
673,python java c programming language
674,datum science ai ml let clean preprocess text datum
675,love machinelearne datascience
676,emoji test
677,check link httpsgithubcomuserrepo
678,repeat letter cooool loooove tweeeeet
679,repeat letter cooool loooove tweeeeet
680,stem lemmatization key text normalization
681,love nlp it amazing click
682,hello visit httpsexamplecom
683,remove punctuation lowercase stopwords sentence
684,repeat letter cooool loooove tweeeeet
685,datum science ai ml let clean preprocess text datum
686,datum science ai ml let clean preprocess text datum
687,emoji test
688,newline tab handle properly
689,stem lemmatization key text normalization
690,datum science ai ml let clean preprocess text datum
691,python java c programming language
692,clean text fun be not
693,love nlp it amazing click
694,stem lemmatization key text normalization
695,misspell recieve definately seperate fix
696,clean text fun be not
697,number present text
698,love nlp it amazing click
699,repeat letter cooool loooove tweeeeet
700,newline tab handle properly
701,check link httpsgithubcomuserrepo
702,love machinelearne datascience
703,remove punctuation lowercase stopwords sentence
704,emoji test
705,hello visit httpsexamplecom
706,hello visit httpsexamplecom
707,number present text
708,mixed case text lowercase
709,hello visit httpsexamplecom
710,love nlp it amazing click
711,love nlp it amazing click
712,check link httpsgithubcomuserrepo
713,check link httpsgithubcomuserrepo
714,love nlp it amazing click
715,love nlp it amazing click
716,number present text
717,python java c programming language
718,mention include tweet
719,mention include tweet
720,number present text
721,misspell recieve definately seperate fix
722,emoji test
723,datum science ai ml let clean preprocess text datum
724,stem lemmatization key text normalization
725,datum science ai ml let clean preprocess text datum
726,remove punctuation lowercase stopwords sentence
727,emoji test
728,python awesome check wwwpythonorg code
729,mixed case text lowercase
730,mixed case text lowercase
731,clean text fun be not
732,clean text fun be not
733,python awesome check wwwpythonorg code
734,mention include tweet
735,repeat letter cooool loooove tweeeeet
736,newline tab handle properly
737,datum science ai ml let clean preprocess text datum
738,check link httpsgithubcomuserrepo
739,remove punctuation lowercase stopwords sentence
740,email testexamplecom visit httpmywebsitecom
741,datum science ai ml let clean preprocess text datum
742,repeat letter cooool loooove tweeeeet
743,email testexamplecom visit httpmywebsitecom
744,repeat letter cooool loooove tweeeeet
745,hello visit httpsexamplecom
746,stem lemmatization key text normalization
747,love nlp it amazing click
748,html tag everywhere bold italic
749,number present text
750,number present text
751,python awesome check wwwpythonorg code
752,python awesome check wwwpythonorg code
753,repeat letter cooool loooove tweeeeet
754,clean text fun be not
755,email testexamplecom visit httpmywebsitecom
756,remove punctuation lowercase stopwords sentence
757,remove punctuation lowercase stopwords sentence
758,newline tab handle properly
759,remove punctuation lowercase stopwords sentence
760,love nlp it amazing click
761,python java c programming language
762,remove punctuation lowercase stopwords sentence
763,emoji test
764,repeat letter cooool loooove tweeeeet
765,repeat letter cooool loooove tweeeeet
766,check link httpsgithubcomuserrepo
767,love machinelearne datascience
768,love machinelearne datascience
769,newline tab handle properly
770,email testexamplecom visit httpmywebsitecom
771,misspell recieve definately seperate fix
772,python awesome check wwwpythonorg code
773,stem lemmatization key text normalization
774,check link httpsgithubcomuserrepo
775,datum science ai ml let clean preprocess text datum
776,love nlp it amazing click
777,misspell recieve definately seperate fix
778,python java c programming language
779,love machinelearne datascience
780,clean text fun be not
781,emoji test
782,number present text
783,mention include tweet
784,datum science ai ml let clean preprocess text datum
785,love machinelearne datascience
786,python awesome check wwwpythonorg code
787,special character remove
788,hello visit httpsexamplecom
789,clean text fun be not
790,stem lemmatization key text normalization
791,clean text fun be not
792,special character remove
793,python java c programming language
794,love nlp it amazing click
795,email testexamplecom visit httpmywebsitecom
796,repeat letter cooool loooove tweeeeet
797,python java c programming language
798,datum science ai ml let clean preprocess text datum
799,number present text
800,datum science ai ml let clean preprocess text datum
801,hello visit httpsexamplecom
802,number present text
803,mixed case text lowercase
804,special character remove
805,number present text
806,check link httpsgithubcomuserrepo
807,remove punctuation lowercase stopwords sentence
808,hello visit httpsexamplecom
809,newline tab handle properly
810,datum science ai ml let clean preprocess text datum
811,newline tab handle properly
812,check link httpsgithubcomuserrepo
813,number present text
814,love machinelearne datascience
815,mixed case text lowercase
816,mention include tweet
817,special character remove
818,misspell recieve definately seperate fix
819,remove punctuation lowercase stopwords sentence
820,special character remove
821,misspell recieve definately seperate fix
822,newline tab handle properly
823,love machinelearne datascience
824,mixed case text lowercase
825,python java c programming language
826,newline tab handle properly
827,email testexamplecom visit httpmywebsitecom
828,datum science ai ml let clean preprocess text datum
829,datum science ai ml let clean preprocess text datum
830,stem lemmatization key text normalization
831,check link httpsgithubcomuserrepo
832,stem lemmatization key text normalization
833,email testexamplecom visit httpmywebsitecom
834,email testexamplecom visit httpmywebsitecom
835,love nlp it amazing click
836,number present text
837,emoji test
838,special character remove
839,mixed case text lowercase
840,datum science ai ml let clean preprocess text datum
841,repeat letter cooool loooove tweeeeet
842,repeat letter cooool loooove tweeeeet
843,love nlp it amazing click
844,misspell recieve definately seperate fix
845,remove punctuation lowercase stopwords sentence
846,hello visit httpsexamplecom
847,repeat letter cooool loooove tweeeeet
848,html tag everywhere bold italic
849,newline tab handle properly
850,repeat letter cooool loooove tweeeeet
851,python awesome check wwwpythonorg code
852,love nlp it amazing click
853,emoji test
854,email testexamplecom visit httpmywebsitecom
855,email testexamplecom visit httpmywebsitecom
856,repeat letter cooool loooove tweeeeet
857,check link httpsgithubcomuserrepo
858,repeat letter cooool loooove tweeeeet
859,love machinelearne datascience
860,misspell recieve definately seperate fix
861,hello visit httpsexamplecom
862,hello visit httpsexamplecom
863,love nlp it amazing click
864,html tag everywhere bold italic
865,love nlp it amazing click
866,love machinelearne datascience
867,html tag everywhere bold italic
868,stem lemmatization key text normalization
869,misspell recieve definately seperate fix
870,love machinelearne datascience
871,love machinelearne datascience
872,email testexamplecom visit httpmywebsitecom
873,mixed case text lowercase
874,clean text fun be not
875,misspell recieve definately seperate fix
876,python awesome check wwwpythonorg code
877,mixed case text lowercase
878,hello visit httpsexamplecom
879,hello visit httpsexamplecom
880,misspell recieve definately seperate fix
881,hello visit httpsexamplecom
882,love machinelearne datascience
883,repeat letter cooool loooove tweeeeet
884,love nlp it amazing click
885,newline tab handle properly
886,remove punctuation lowercase stopwords sentence
887,number present text
888,clean text fun be not
889,stem lemmatization key text normalization
890,email testexamplecom visit httpmywebsitecom
891,hello visit httpsexamplecom
892,remove punctuation lowercase stopwords sentence
893,remove punctuation lowercase stopwords sentence
894,misspell recieve definately seperate fix
895,emoji test
896,html tag everywhere bold italic
897,number present text
898,love machinelearne datascience
899,html tag everywhere bold italic
900,repeat letter cooool loooove tweeeeet
901,remove punctuation lowercase stopwords sentence
902,repeat letter cooool loooove tweeeeet
903,newline tab handle properly
904,love machinelearne datascience
905,emoji test
906,check link httpsgithubcomuserrepo
907,html tag everywhere bold italic
908,love machinelearne datascience
909,email testexamplecom visit httpmywebsitecom
910,special character remove
911,python awesome check wwwpythonorg code
912,mention include tweet
913,love machinelearne datascience
914,love machinelearne datascience
915,special character remove
916,newline tab handle properly
917,special character remove
918,clean text fun be not
919,email testexamplecom visit httpmywebsitecom
920,remove punctuation lowercase stopwords sentence
921,mixed case text lowercase
922,newline tab handle properly
923,love machinelearne datascience
924,hello visit httpsexamplecom
925,hello visit httpsexamplecom
926,html tag everywhere bold italic
927,datum science ai ml let clean preprocess text datum
928,remove punctuation lowercase stopwords sentence
929,mention include tweet
930,clean text fun be not
931,python java c programming language
932,number present text
933,email testexamplecom visit httpmywebsitecom
934,check link httpsgithubcomuserrepo
935,clean text fun be not
936,number present text
937,check link httpsgithubcomuserrepo
938,mention include tweet
939,love nlp it amazing click
940,emoji test
941,misspell recieve definately seperate fix
942,special character remove
943,python java c programming language
944,love machinelearne datascience
945,clean text fun be not
946,python java c programming language
947,hello visit httpsexamplecom
948,remove punctuation lowercase stopwords sentence
949,datum science ai ml let clean preprocess text datum
950,stem lemmatization key text normalization
951,mixed case text lowercase
952,love machinelearne datascience
953,love machinelearne datascience
954,repeat letter cooool loooove tweeeeet
955,python awesome check wwwpythonorg code
956,newline tab handle properly
957,special character remove
958,repeat letter cooool loooove tweeeeet
959,remove punctuation lowercase stopwords sentence
960,love machinelearne datascience
961,special character remove
962,remove punctuation lowercase stopwords sentence
963,check link httpsgithubcomuserrepo
964,python awesome check wwwpythonorg code
965,stem lemmatization key text normalization
966,love machinelearne datascience
967,check link httpsgithubcomuserrepo
968,datum science ai ml let clean preprocess text datum
969,python java c programming language
970,repeat letter cooool loooove tweeeeet
971,remove punctuation lowercase stopwords sentence
972,python awesome check wwwpythonorg code
973,email testexamplecom visit httpmywebsitecom
974,number present text
975,love machinelearne datascience
976,special character remove
977,repeat letter cooool loooove tweeeeet
978,html tag everywhere bold italic
979,repeat letter cooool loooove tweeeeet
980,clean text fun be not
981,newline tab handle properly
982,number present text
983,special character remove
984,love nlp it amazing click
985,love nlp it amazing click
986,newline tab handle properly
987,newline tab handle properly
988,html tag everywhere bold italic
989,email testexamplecom visit httpmywebsitecom
990,email testexamplecom visit httpmywebsitecom
991,email testexamplecom visit httpmywebsitecom
992,datum science ai ml let clean preprocess text datum
993,clean text fun be not
994,remove punctuation lowercase stopwords sentence
995,newline tab handle properly
996,love nlp it amazing click
997,repeat letter cooool loooove tweeeeet
998,email testexamplecom visit httpmywebsitecom
999,email testexamplecom visit httpmywebsitecom
1000,emoji test
